<?xml version="1.0" encoding="UTF-8"?>
<!DOCTYPE sqlMap PUBLIC "-//ibatis.apache.org//DTD SQL Map 2.0//EN" "http://ibatis.apache.org/dtd/sql-map-2.dtd">

<sqlMap namespace="AdminSpace">

	<typeAlias  alias="egovMap" type="org.egovframe.rte.psl.dataaccess.util.EgovMap"/>
	<typeAlias  alias="defaultVO" type="egov.mywork1.service.DefaultVO"/>
	<typeAlias  alias="noticeVO" type="egov.mywork1.service.NoticeVO"/>
	<typeAlias  alias="memberVO" type="egov.mywork1.service.MemberVO"/>
	
	<insert id="adminDAO.insertNotice">
		INSERT INTO NOTICEBOARD (  UNQ
						   		  ,TITLE			<!-- 제목 -->
						   		  ,PASS				<!-- 암호 -->
						   		  ,NAME				<!-- 이름 -->
						   		  ,CONTENT			<!-- 내용 -->
						   		  ,RDATE			<!-- 등록일 -->
						   		  ,EMPS) 			<!-- 수정일 -->
					VALUES( NOTICEBOARD_SEQ.NEXTVAL
							,#title#
							,#pass#
							,#name#
							,#content#
							,SYSDATE
							,#emps# )
	</insert>
	
	<select id="adminDAO.selectNoticeList" resultClass="egovMap">
		<!-- SELECT B.* FROM (
			SELECT ROWNUM RN, A.* FROM (
				SELECT UNQ
					  ,TITLE
					  ,NAME
					  ,HITS
					  ,TO_CHAR(RDATE,'yyyy-MM-dd') RDATE 
					  ,EMPS
				FROM NOTICEBOARD
				WHERE 1=1
				
				<isNotNull property="searchCondition">
					<isNotEmpty property="searchCondition">
						AND $searchCondition$ LIKE '%'||#searchKeyword#||'%'
					</isNotEmpty>
				</isNotNull>
					
				ORDER BY EMPS DESC,RDATE DESC ) a ) b
		WHERE RN BETWEEN #firstIndex# AND #lastIndex# -->  <!-- #은 변수값 보안 $는 해제 -->
		
		    SELECT D.* FROM (    
		        SELECT ROWNUM RN,C.* FROM (
		            SELECT A.* FROM (                   
		                    SELECT UNQ
		                          ,TITLE
		                          ,NAME
		                          ,CONTENT
		                          ,HITS
		                          ,TO_CHAR(RDATE,'yyyy-MM-dd') RDATE 
		                          ,EMPS
		                    FROM NOTICEBOARD 
		                    WHERE EMPS='Y'
		                    ORDER BY UNQ DESC ) A
		                    UNION ALL
		            SELECT B.* FROM (
		                    SELECT UNQ
		                          ,TITLE
		                          ,NAME
		                          ,CONTENT
		                          ,HITS
		                          ,TO_CHAR(RDATE,'yyyy-MM-dd') RDATE 
		                          ,EMPS
		                    FROM NOTICEBOARD 
		                    WHERE EMPS='N'
		                    ORDER BY UNQ DESC ) B ) C
				
				WHERE 1 = 1
				<isNotNull property="searchCondition">
					<isNotEmpty property="searchCondition">
						AND $searchCondition$ LIKE '%'||#searchKeyword#||'%'
					</isNotEmpty>
				</isNotNull>
					
				) D
		WHERE RN BETWEEN #firstIndex# AND #lastIndex# <!-- #은 변수값 보안 $는 해제 -->
	</select>
	
	<select id="adminDAO.selectNoticeTotal" resultClass="int">
		SELECT COUNT(*) TOTAL FROM
			 (select UNQ
                    ,TITLE
                    ,NAME
                    ,CONTENT
                    ,HITS
                    ,TO_CHAR(RDATE,'yyyy-MM-dd') RDATE 
                    ,EMPS
                    FROM NOTICEBOARD)			
			WHERE 1=1				
			<isNotNull property="searchCondition">
				<isNotEmpty property="searchCondition">
					AND $searchCondition$ LIKE '%'||#searchKeyword#||'%'
				</isNotEmpty>
			</isNotNull>
	</select>
	
	<select id="adminDAO.selectMemberTotal" resultClass="int">
		SELECT COUNT(*) FROM memberinfo			 		
			WHERE 1=1				
			<isNotNull property="searchCondition">
				<isNotEmpty property="searchCondition">
					AND $searchCondition$ LIKE '%'||#searchKeyword#||'%'
				</isNotEmpty>
			</isNotNull>
	</select>
	
	<select id="adminDAO.selectNoticeDetail" resultClass="noticeVO">
		SELECT UNQ
              ,TITLE
              ,NAME
              ,CONTENT
              ,HITS
              ,TO_CHAR(RDATE,'yyyy-MM-dd') RDATE 
              ,EMPS
		FROM NOTICEBOARD
		WHERE UNQ=#unq#
	</select>
	
	<select id="adminDAO.selectMemberList" resultClass="egovMap">
		SELECT B.* FROM(   
	        SELECT ROWNUM RN,A.* FROM (                              
	            SELECT USERID
	                  ,NAME
	                  ,NICKNAME
	                  ,MOBILE
	                  ,TO_CHAR(RDATE,'yyyy-MM-dd') RDATE
	                  ,DECODE(STATE,'1','정상','2','중지','3','탈퇴','4','삭제') STATE
	            FROM MEMBERINFO
		
				WHERE 1 = 1
				
		<isNotNull property="searchCondition">
			<isNotEmpty property="searchCondition">
				AND $searchCondition$ LIKE '%'||#searchKeyword#||'%'
			</isNotEmpty>
		</isNotNull>
			
		) A ) B
		WHERE RN BETWEEN #firstIndex# AND #lastIndex#
	</select>
	
	<update id="adminDAO.updateNoticeHits">
		UPDATE NOTICEBOARD SET HITS=HITS+1 WHERE UNQ=#unq#
	</update>
	
	<update id="adminDAO.adminNoticeUpdate">
		UPDATE NOTICEBOARD SET
				TITLE=#title#
			   ,NAME=#name#
			   ,CONTENT=#content#
			   ,EMPS=#emps#
		WHERE  UNQ=#unq#
	</update>
	
	<delete id="adminDAO.adminNoticeDelete">
		DELETE FROM NOTICEBOARD WHERE UNQ=#unq#
	</delete>
	
	<select id = "adminDAO.selectMemberDetail" resultClass="memberVO">
		SELECT userid,
			   pass,
			   name,
			   nickname,
			   email,
			   phone,
			   mobile,
			   mailchk,
			   smschk,
			   rdate,
			   state,
			   memo
		FROM MEMBERINFO
			WHERE USERID=#userid#			
	</select>
	
	<update id = "adminDAO.updateMemberSave">
		UPDATE MEMBERINFO SET 
					NAME   =#name#,
			   		EMAIL  =#email#,
			   		PHONE  =#phone#,
			   		MOBILE =#mobile#,
			  		MAILCHK=#mailchk#,
			   		SMSCHK =#smschk#,
			   		STATE  =#state#,
			   		MEMO   =#memo#			   
		WHERE 
			   USERID=#userid#		
	</update>

<delete id="adminDAO.deleteMemberUser">
		DELETE FROM MEMBERINFO WHERE USERID=#userid#
	</delete>

</sqlMap>