<?xml version="1.0" encoding="UTF-8"?>
<!DOCTYPE sqlMap PUBLIC "-//ibatis.apache.org//DTD SQL Map 2.0//EN" "http://ibatis.apache.org/dtd/sql-map-2.dtd">

<!-- mybatis -->
<sqlMap namespace="BoardSpace">

	<typeAlias  alias="egovMap" type="org.egovframe.rte.psl.dataaccess.util.EgovMap"/>
	<!-- <typeAlias  alias="searchVO" type="egovframework.example.sample.service.SampleDefaultVO"/> -->
	<typeAlias  alias="defaultVO" type="egov.mywork1.service.DefaultVO"/>
	<typeAlias  alias="boardVO" type="egov.mywork1.service.BoardVO"/>
	<typeAlias  alias="noticeVO" type="egov.mywork1.service.NoticeVO"/>
	

	<insert id="boardDAO.insertBoard">
	
		INSERT INTO BOARD1(UNQ
					   	,TITLE		<!-- 제목 -->
					   	,PASS		<!-- 암호 -->
					   	,NAME		<!-- 이름 -->
					   	,CONTENT	<!-- 내용 -->
					   	,RDATE		<!-- 작성일 -->
					   	,UDATE) 	<!-- 수정일 -->
				VALUES( BOARD1_SEQ.NEXTVAL
						,#title#
						,#pass#
						,#name#
						,#content#
						,sysdate
						,sysdate)
						
	</insert>	
	
	<select id = "boardDAO.selectBoardList" resultClass = "egovMap">
	
SELECT b.* FROM (
	SELECT rownum rn, a.* FROM (
		SELECT unq,
			   title,
			   name,
			   hits,
			   to_char(rdate,'yyyy-mm-dd') rdate
			FROM board1
			WHERE 
				1 = 1
			<isNotNull property="searchCondition">
			<isNotEmpty property="searchCondition">
				AND $searchCondition$ LIKE '%$searchKeyword$%'
			</isNotEmpty>			
			</isNotNull>
				
			<!-- 여기서 ? 표시가 되면 안됨 $쓰기 ''안에 변수 $가 들어가면 안됨 따로 설정해서 연결 -->
			ORDER BY unq DESC ) a ) b
		WHERE
			rn BETWEEN $firstIndex$ AND $lastIndex$	<!-- #으로하게되면 콘솔엔 ? 뜨고 $를 쓰면 출력됨 -->
	
	</select>
	
	<select id="boardDAO.selectNoticeList" resultClass="egovMap">

   SELECT b2.* FROM (
        SELECT rownum rn, a2.* FROM ( 
            SELECT c.* from  (
               SELECT  a.*  from (
                    SELECT  unq
                          ,title
                          ,name
                          ,hits
                          ,to_char(rdate,'yyyy-mm-dd') rdate
                            ,emps 
                     FROM  noticeboard 
                     WHERE emps='Y' 
                         ORDER BY unq DESC ) a
                
                UNION ALL 
                
                SELECT  b.*  from (
                    SELECT  unq
                          ,title
                          ,name
                          ,hits
                          ,to_char(rdate,'yyyy-mm-dd') rdate
                            ,emps  
                       FROM noticeboard 
                      WHERE emps='N'
                           ORDER BY unq DESC ) b
                ) c  

              WHERE  1=1
              
              <isNotNull property="searchCondition">
                 <isNotEmpty property="searchCondition">
                   AND $searchCondition$ LIKE '%$searchKeyword$%'
                  </isNotEmpty>
               </isNotNull>
             
              ) a2 ) b2
              
   WHERE    
        rn  BETWEEN  $firstIndex$  AND  $lastIndex$ 
        
   </select>

	<select id = "boardDAO.selectBoardTotal" resultClass = "int">	<!-- return타입 적기 -->
	
		SELECT COUNT(*) total FROM board1
			 WHERE 
				1 = 1
			<isNotNull property="searchCondition">
			<isNotEmpty property="searchCondition">
				AND $searchCondition$ LIKE '%$searchKeyword$%'
			</isNotEmpty>			
			</isNotNull>	
		
	</select>
	
	<select id = "boardDAO.selectBoardDetail" resultClass = "boardVO">
	
		SELECT unq,
			   title,
			   name,
			   content,
			   to_char(rdate,'yyyy-mm-dd') rdate
		FROM
			   board1
		WHERE
			   unq = #unq#
	
	</select>
	
	<select id = "boardDAO.selectNoticeDetail" resultClass = "noticeVO">
	
		SELECT unq,
			   title,
			   name,
			   hits,
			   content,
			   to_char(rdate,'yyyy-mm-dd') rdate
		FROM
			   noticeboard
		WHERE
			   unq = #unq#
	
	</select>
	
	<update id = "boardDAO.updateBoardHits">
		UPDATE board1 SET hits = hits+1 WHERE unq = #unq#
	</update>
	
	<update id = "boardDAO.updateNoticeHits">
		UPDATE noticeboard SET hits = hits+1 WHERE unq = #unq#
	</update>
	
	<update id="boardDAO.updateBoard">
		UPDATE board1 SET title   = #title#,
						  name    = #name#,
						  content = #content#,
						  udate   = sysdate 
		 WHERE 
			   unq  = #unq#
					  AND
					  	  pass = #pass#
	</update>
	
	<delete id = "boardDAO.deleteBoard">
		DELETE  FROM board1 WHERE unq = #unq# AND pass = #pass#
	</delete>
	<select id="boardDAO.selectNoticeTotal" resultClass="int">
        SELECT COUNT(*) TOTAL FROM NOTICEBOARD
           WHERE 1=1 
              <isNotNull property="searchCondition">
                    <isNotEmpty property="searchCondition">
                       AND $searchCondition$ LIKE '%'||#searchKeyword#||'%'
                    </isNotEmpty>
              </isNotNull>
   </select>
	
	

</sqlMap>
