<?xml version="1.0" encoding="UTF-8"?>
<!DOCTYPE sqlMap PUBLIC "-//ibatis.apache.org//DTD SQL Map 2.0//EN" "http://ibatis.apache.org/dtd/sql-map-2.dtd">

<sqlMap namespace="MemberSpace">

	<typeAlias  alias="egovMap" type="org.egovframe.rte.psl.dataaccess.util.EgovMap"/>
	<typeAlias  alias="defaultVO" type="egov.mywork1.service.DefaultVO"/>
	<typeAlias  alias="memberVO" type="egov.mywork1.service.MemberVO"/>
	
	<insert id="memberDAO.insertMember">
		INSERT INTO MEMBERINFO (  USERID			<!-- 아이디 -->
						   		 ,PASS				<!-- 패스워드 -->
						   		 ,NAME				<!-- 이름 -->
						   		 ,NICKNAME			<!-- 닉네임 -->
						   		 ,EMAIL				<!-- 이메일 -->
						   		 ,PHONE				<!-- 집전화번호 -->
						   		 ,MOBILE			<!-- 휴대폰번호 -->
						   		 ,MAILCHK			<!-- 메일수신체크 -->
						   		 ,SMSCHK			<!-- 문자수신체크 -->
						   		 ,RDATE				<!-- 등록일 -->
						   		 ,UDATE) 			<!-- 수정일 -->			
					VALUES(  #userid#
							,#pass#
							,#name#
							,#nickname#
							,#email#
							,#phone#
							,#mobile#
							,#mailchk#
							,#smschk#
							,sysdate
							,sysdate )
	</insert>
	
	<select id="memberDAO.selectMemberUserid" resultClass="int">
		SELECT COUNT(*) FROM MEMBERINFO
		WHERE USERID != #userid#
		  AND NICKNAME = #nickname#
	</select>
	
	<select id="memberDAO.selectMemberNickname" resultClass="int">
		SELECT COUNT(*) FROM MEMBERINFO
			WHERE NICKNAME = #nickname#
	</select>
	
	<select id="memberDAO.selectMemberLogin" resultClass="String">
		SELECT NAME FROM MEMBERINFO
			WHERE USERID = #userid# AND PASS = #pass#
	</select>
	
	<select id="memberDAO.selectMemberDetail" resultClass="memberVO">
		SELECT USERID			<!-- 아이디 -->
	   		  ,PASS				<!-- 패스워드 -->
	   		  ,NAME				<!-- 이름 -->
	   		  ,NICKNAME			<!-- 닉네임 -->
	   		  ,EMAIL			<!-- 이메일 -->
	   		  ,PHONE			<!-- 집전화번호 -->
	   		  ,MOBILE			<!-- 휴대폰번호 -->
	   		  ,MAILCHK			<!-- 메일수신체크 -->
	   		  ,SMSCHK			<!-- 문자수신체크 -->
	   		  ,RDATE			<!-- 등록일 -->
	   		  ,UDATE 			<!-- 수정일 -->			
		FROM MEMBERINFO
		WHERE USERID = #userid#
	</select>
	
	<select id="memberDAO.selectPreventName" resultClass="String">
		SELECT IMGNAME FROM PREVENTIMG WHERE NO = #no#
	</select>	
	
	<select id="memberDAO.selectMemberUseridReturn" resultClass="String">
		SELECT USERID FROM MEMBERINFO 
		WHERE NICKNAME = #nickname#
		  AND EMAIL = #email#
	</select>
	
	<select id="memberDAO.selectMemberExistCount" resultClass="int">
		SELECT COUNT(*) FROM MEMBERINFO
		WHERE USERID = #userid#
		  AND NICKNAME = #nickname#
		  AND EMAIL = #email#
	</select>
	
	<select id = "memberDAO.selectMemberState" resultClass="string">
		SELECT state FROM memberinfo WHERE userid=#userid#
	</select>
	
	<update id="memberDAO.updateMember">
		UPDATE MEMBERINFO SET
				NICKNAME = #nickname#
			   ,EMAIL = #email#
			   ,PHONE = #phone#
			   ,MOBILE = #mobile#
			   ,MAILCHK = #mailchk#
			   ,SMSCHK = #smschk#
			   ,UDATE = sysdate
		WHERE  USERID = #userid#
		  AND  PASS = #pass# 
	</update>
	
	<update id="memberDAO.updateMemberPass">
		UPDATE MEMBERINFO SET
				PASS = #pass#
		WHERE USERID = #userid#
	</update>
	
	<update id="memberDAO.updateMemberPassChange">
		UPDATE MEMBERINFO SET 
				PASS = #pass2# 
		WHERE USERID = #userid# 
		  AND PASS = #pass1#
	</update>
	
<!-- 	<select id="memberDAO.selectMemberNicknameCHK" resultClass="int">
		SELECT COUNT(*) FROM MEMBERINFO
		WHERE USERID != #userid#
		  AND NICKNAME = #nickname#
	</select> -->
	
</sqlMap>