<?xml version="1.0" encoding="UTF-8"?>
<!DOCTYPE sqlMap PUBLIC "-//ibatis.apache.org//DTD SQL Map 2.0//EN" "http://ibatis.apache.org/dtd/sql-map-2.dtd" >
<sqlMap namespace="MobileSpace">

	<typeAlias  alias="egovMap" type ="org.egovframe.rte.psl.dataaccess.util.EgovMap"/>
	<typeAlias  alias="defaultVO" type="egov.mywork1.service.DefaultVO"/>
	<typeAlias  alias="mobileVO" type ="egov.mywork1.service.MobileVO"/>
	

<insert id = "mobileDAO.insertMobile">
	INSERT INTO mobile (monum,
						moname,
						moclass,
						mordate,
						mocon,
						moprice)
				VALUE (#monum#,
		  				#moname#,
		  				#moclass#,
		  				#mordate#,
		  				#mocon#,
		 				 #moprice#)	
</insert>

<select id = "mobileDAO.selectMobileList" resultClass="egovMap">
	SELECT monum,
		   moname,
		   decode(moclass,'M','기계류','H','집기류') moclass,
		   to_char(mordate,'yyyy-mm-dd') mordate,
		   decode(mocon,'Y','사용','N','미사용') mocon,
		   moprice 
	FROM mobile
		   ORDER BY monum
</select>

<select id = "mobileDAO.selectMobileListDetail" resultClass="egovMap">
	SELECT to_char(mordate,'yyyy') mordate,
		   decode(moclass,'M','기계류','H','집기류') moclass,		   
		   sum(moprice) moprice 
	FROM mobile
		GROUP BY to_char(mordate,'yyyy'),moclass
	ORDER BY mordate
</select>

<select id = "mobileDAO.selectMaxMonum" resultClass="int">
	SELECT nvl(max(monum),'1000')+1 monum
	FROM mobile
</select>

<delete id = "mobileDAO.deleteMobile">
		DELETE FROM mobile WHERE monum = #monum# 
	</delete>

</sqlMap>